{"create board": {"time": 0.22423863410949707, "memory": 0.00390625}, "add symbols": {"time": 0.22228360176086426, "memory": 0.0}, "set_cell": {"time": 0.21820926666259766, "memory": 0.0}, "add predator": {"time": 0.4449431896209717, "memory": 0.0}, "print board": {"time": 0.22171664237976074, "memory": 0.0}, "is valid cell": {"time": 0.22221112251281738, "memory": 0.0}, "get alien position retorno": {"time": 3.9351541996002197, "memory": 0.046875}, "attack_predator": {"time": 0.2172069549560547, "memory": 0.0}, "get_cell_value": {"time": 0.2233884334564209, "memory": 0.0}, "move_predator": {"time": 1.7714858055114746, "memory": 0.0}, "move_alien": {"time": 3.086482286453247, "memory": 0.0}}