{"create board": {"time": 0.2182636260986328, "memory": 0.0}, "add_symbols": {"time": 0.22116827964782715, "memory": 0.0}, "add_predator": {"time": 0.22282671928405762, "memory": 0.0}, "print_board ": {"time": 0.22070646286010742, "memory": 0.0}, "is_valid_cell ": {"time": 0.22419476509094238, "memory": 0.0}, "get_alien_start_position ": {"time": 18.491746425628662, "memory": 0.0234375}, "move_alien": {"time": 1.95308518409729, "memory": 0.0}, "move_predator": {"time": 1.2223577499389648, "memory": 0.0}, "attack_predator": {"time": 0.22020912170410156, "memory": 0.0}}